{
  "models": {
    "XGBoost": {
      "train_metrics": {
        "MAE": 0.6778541920845187,
        "RMSE": 0.8305771170301846,
        "R2": 0.15343580339596397
      },
      "val_metrics": {
        "MAE": 0.7205843304475029,
        "RMSE": 0.8813385746867821,
        "R2": 0.046722048979642605
      }
    },
    "Bi-LSTM": {
      "train_metrics": {
        "MAE": 0.5908088318320257,
        "RMSE": 0.7588397718290426,
        "R2": 0.29343800071283144
      },
      "val_metrics": {
        "MAE": 0.6337936567390838,
        "RMSE": 0.8130673044607543,
        "R2": 0.18294176718058774
      },
      "model_path": "outputs\\bilstm_best.pt"
    }
  }
}